1,가는오이풀,,Sanguisorba tenuifolia Fi..
2,가는잎향유,,Elsholtzia angustifolia (..
3,가는장구채,,Melandryum yanoei(Makino)..
4,가솔송,,Phyllodoce caerulea (L.) ..
5,가침박달,,Exochorda serratifolia S...
6,각시붓꽃,,Iris rossii Baker
7,각시원추리,,Hemerocallis dumortieri M..
8,각씨투구꽃,,Aconitum monanthum Nakai
9,갈퀴현호색,,Corydalis grandicalyx B. ..
10,감자난초 (감자난),,Oreorchis patens (Lindley..
11,개감수,,Euphorbia sieboldiana(Mor..
12,개다래,,Actinidia polygama (Siebo..
13,개벼룩 (개벼룩이자리),,Moehringia lateriflora (L..
14,개병풍,,Astilboides tabularis (He..
15,개시호,,Bupleurum longeradiatum T..
16,개암나무,,Corylus hetrophylla Fisch..
17,개옻나무,,Rhus trichocarpa Miquel
18,개지치,,Lithospermum avense L. = ..
19,개현삼 (설령개현삼),,Scrophularia alata A. Gra..
20,"개회나무 (시계나무),개구름나무)",,Syringa reticulata (Blume..
21,개회향 (돌회향),,Tilingia tachiroei (Fr. ..
22,갯버들,,Salix gracilistyla Miquel
23,갯쑥부쟁이,,Heteropappus hispidus (Th..
24,거제수나무,,Betula costata Trautv.
26,게박쥐나물,,Cacalia adenostyloides (F..
27,겨우살이,,Viscum album L. var. colo..
28,계요등,,Paederia scandens (Lour.)..
29,고광나무,,Philadelphus schrenckii R..
30,고깔제비꽃,,Viola rossii Hemsley = Vi..
31,고려엉겅퀴,,Cirsium setidens (Dunn) N..
32,고마리 (줄고만이),,Persicaria thunbergii (Si..
33,고추나물,,Hypericum erectum Thunb. ..
34,곰취 (왕곰취),,Ligularia Fischeri (Ledeb..
35,광대나물 (코딱지나물),,Lamium amplexicaule L.
36,광대수염 (산광대),,Lamium album L. var. barb..
37,괴불나무,,Lonicera maackii (Rupr.) ..
38,"구름국화 (구름금전화), 큰산금전화)",,Erigeron thunbergii A. Gr..
39,구름떡쑥 (두메떡쑥),,Anaphalis sinica Hance va..
40,구름범의귀,,Saxifraga laciniata Nakai..
41,구름송이풀,,Pedicularis verticillata L.
42,구슬댕댕이,,Lonicera vesicaria Komarov
43,구슬붕이 (구슬봉이),,Gentiana squarrosa Ledeb.
44,"굴참나무 (물갈참나무), 구도토리나무, 부? 나무)",,Quercus variabilis Blume
45,"굴피나무 (굴태나무), 꾸정나무, 산가죽나무)",,Platycarya strobilacea Si..
46,궁궁이,,Angelica polymorpha Maxim.
47,귀룽나무,,Prunus padus L.
48,금강봄맞이 (금강봄맞이꽃),,Androsace cortusaefoliam ..
49,금강애기나리 (진부애기나리),,Disporum ovale Ohwi
50,금강제비꽃,,Viola diamantiaca Nakai
51,금강초롱꽃,,Hanabusaya asiatica (Naka..
52,금낭화 (며느리주머니),,Dicentra spectabilis (L.)..
53,금마타리,,Patrinia saniculaefolia H..
54,금매화,,Trollius hondoensis Nakai
55,금방망이,,Senecio nemorensis L.
56,"금붓꽃",,Iris minutiaurea Makino =..
57,금창초 (금란초),,Ajuga decumbens Thunb.
58,"기름나물 (산기름나물) 두메방풍)",,Peucedanum terebinthaceum..
59,"기린초 (넓은잎기린초), 각시기린초)",,Sedum kamtschaticum Fisch..
60,기생꽃 (좀기생초),,Trienialis europaea L. va..
61,긴개싱아,,Aconogonum ajanense (Rege..
62,까치고돌빼기,,Youngia chelidoniifolia (..
63,"까치박달 (나도밤나무), 물박달)",,Carpinus cordata Blume = ..
64,까치밥나무,,Ribes mandshuricum (Maxim..
65,깽깽이풀,,Jeffersonia dubia (Maxim...
66,꼬리겨우살이 (꼬리겨우사리),,Hyphear tanakae (Fr. Et S..
67,꼬리진달래 (참꽃나무겨우사리),,Phododendron micranthum T..
68,꼬리풀 (가는잎꼬리풀),,Veronica linariaefolia Pa..
69,꽃개회나무,,Syringa wolfii Schneider..
70,꽃다지,,Draba nemorosa L. = Draba..
71,꽃며느리밥풀,,Melampyrum roseum Maxim
72,꽃향유,,Elsholtzia pseudo-cristat..
73,꽈리,,Physalis alkekengi L. var..
74,꽝꽝나무 (좀꽝꽝나무),,Ilex crenata Thunb. for. ..
75,"꿀풀 (꿀방망이), 가지골나물)",,Prunella vulgaris L. var...
76,"꿩의다리 (아지아꿩의다리), 한라꿩의다리)",,Thalictrum aquilegifolium..
77,꿩의다리아재비,,Caulophyllum robustum Max..
78,꿩의바람꽃,,Anemone raddeana Regel
79,나도바람꽃,,Isopyrum raddeanum (Regel..
80,나도송이풀,,Phtheirospermum japonicum..
81,나도수영,,Oxyria digyna (L.) Hill
82,나도양지꽃,,Waldsteinia ternata (Step..
83,나도옥잠화(제비옥잠),,Clintonia udensis Trautv...
84,나리난초,,Liparis makinoana Schlech..
85,"나비나물(꽃나비나물), 큰나비나물)",,Vicia unijuga Al. Braun =..
86,남산제비꽃,,Viola albia Palibin var. ..
87,냉이(나생이),,Capsella bursa-pastoris (..
88,"냉초 (털냉초), 숨위나물)",,Veronicastrum sibiricum (..
89,너도개비자리 (산개미자리),,Minuartia laricina (L.) M..
90,너도바람꽃,,Eranthis stellata Maxim. ..
102,누른 덩굴,,Clematis chiisanensis Nakai
103,"누리장나무",,Clerodendron trichotomum ..
104,눈개승마,,Aruncus dioicus (Walter) ..
105,눈개쑥부쟁이 (개쑥부쟁이),,Aster hayatae Leveille et..
106,눈괴불주머니 (덩굴괴불주머니),,Corydalis ochotensis Turcz.
107,눈빛승마,,Cimicifuga dahurica (Turc..
108,는쟁이냉이,,Cardamine komarovi Nakai
109,다래,,Actinidia arguta (Siebold..
110,닥나무,,Broussonetia kazinoki Sieb.
111,단풍제비꽃,,Viola allida Palibin for...
112,"단풍취 (좀단풍취), 괴발딱취, 장이나물)",,Ainsliaea acerifolia Schu..
113,"닭의장풀 (닭의밑씻개), 닭개비, 닭의꼬꼬)",,Commelina communis L.
114,담자리꽃나무 (담자리꽃),,Dryas octopetala L. var. ..
115,당개지치(당꽃마리),,Brachybotrys paridiformis..
116,대팻집나무 (물안포기나무),,Ilex macropoda Miquel
117,댓잎현호색,,Corydalis turtschaninovii..
118,댕댕이나무,,Lonicera caerulea L. var...
119,더덕,,Codonopsis lanceolata (Si..
120,덤불조팝나무,,Spiraea miyabei Koidz = S..
121,"덩굴민백미꽃 (참새백미꽃), 덩굴백미, 갯덩굴백미)",,Cynanchum japonicum Morre..
122,덩굴별꽃,,Stellaria diversiflora Ma..
123,도깨비부채,,Rodgersia podophylla A. G..
125,돌꽃 (가는잎돌꽃),,Rhodiola elongata (Ledeb...
126,"돌단풍 (장장포), 부처손, 돌나리)",,Mukdenia rossii (Oliver) ..
127,돌마타리,,Patrinia rupestris (Palla..
128,돌배나무,,Pyrus pyrifolia (Burm. Fi..
129,돌양지꽃 (바위양지꽃),,Potentilla dickinsii Fr. ..
130,동백나무,,Camellia japonica L.
131,동의나물 (참동의나물),,Caltha palustris L. var. ..
132,동자꽃,,Lychnis cognata Maxim.
133,두루미꽃,,Maianthemum bifolium (L.)..
135,두메갈퀴,,Galium paradoxum Maxim
136,두메양귀비,,Papaver radicatum Rottb. ..
137,두메오리나무,,Alnus maximowiczii Call
138,두메자운 (두메돔부),,Oxytropis anertii Nakai
139,둥굴레 (괴불꽃),,Polygonatum odoratum (Mil..
140,둥근배암차즈기,,Salvia japonica Thunb
141,둥근잎꿩의비름 (큰꿩의비름),,Sedum spectabile Boreau
142,등골나물,,Eupatorium chinensis L. v..
143,등대시호,,Bupleurum euphorbioides N..
144,등칡 (큰쥐방울),,Aristolochia manshuriensi..
145,"딱총나무 (지렁쿠나무), 개똥나무)",,Sambucus sieboldiana (Miq..
147,"때죽나무 (족나무), 왕때죽나무)",,Styrax japonica Sieb. et ..
148,뚝갈,,Patrinia villosa (Thunb.)..
149,린네풀,,Linnaea borealis L. = Lin..
150,마가목,,Sorbus commixta Hedlund =..
151,마타리 (가얌취),,Patrinia scabiosaefolia F..
152,"만병초 (뚝갈나무), 홍만병초)",,Rhododendron brachycarpum..
153,만삼,,Codonopsis pilosula (Fr.)..
154,만주바람꽃,,Isopyrum mandshuricum (Ko..
155,만주송이풀,,Pedicularis mandshurica M..
156,말나리,,Lilium medeoloides A. Gra..
157,말발도리,,Deutzia parviflora Bunge
158,매미꽃,,Coreanomecon hylomeconoid..
159,매발톱꽃,,Aquilegia buergeriana Sie..
160,"매자나무 (산딸나무), 삼동나무)",,Berberis koreana Palibin
161,"매화말발도리 (댕강목), 해남말발도리, 지이말발도리, 좁인잎매화말발도리)",,Deutzia uniflora Shirai =..
162,맥문동,,Liriope platyphylla Wang ..
163,머위,,Petasites japonicus (Sieb..
164,"멍석딸기 (번둥딸나무), 멍두딸, 수리딸나무, 멍딸기, 덤풀딸기, 사슨딸기)",,Rubus parvifolius L. = Ru..
165,"멸가치",,Adenocaulon himalaicum Ed..
166,모감주나무,,Koelreuteria paniculata L..
167,모데미풀,,Megaleranthis saniculifol..
168,모시대 (모시때),,Adenophora remotiflora (S..
169,무릇,,Scilla sinensis (Loureio)..
170,"물개암나무(물깨금나무), 물갬달나무)",,Corylus sieboldiana Blume..
171,"물레나물 (매대체), 큰물레나물)",,Hypericum ascyron L. = Hy..
172,물매화 (물매화풀),,Parnassia palustris L. = ..
173,물봉선,,Impatiens texori Miquel
174,물싸리,,Potentilla fruticosa L. v..
175,물참대 (댕강말발도리),,Deutzia glabrata Komar.
176,미나리냉이,,Cardamine leucantha (Taus..
177,미나리아재비,,Ranunculus japonica Thunb.
178,"미역줄나무 (한삼덤불), 메역순나무, ? ?방구덤불)",,Tripterygium regelii Spra..
179,미역취 (돼지나물),,Solidago virga-aurea L. v..
180,"미잭미꽃 (민백미), 개백미)",,Cynanchum ascyrifolium(Fr..
181,"미치광이풀 (미치광이), 미친풀, 광대작약)",,Scopolia japonica Maxim. ..
182,민눈양지꽃,,Potentilla yokusaiana Mak..
183,"민둥뫼제비꽃 (양지제비꽃), 성긴털제비꽃)",,Viola tokubuchiana Makino..
184,민둥인가목 (인가목),,Rosa suavis Willd. = Rosa..
185,민들레 (안질? 이),,Taraxacum platycarpum Dah..
186,바늘엉겅퀴,,Cirsium rhinoceros (Levl...
187,바람꽃 (조선바람꽃),,Anemone narcissiflora L.=..
188,바위구절초 (산구절초),,Chrysanthemum zawadskii H..
189,바위돌꽃,,Rhodiola rosea L.=Rhodiol..
190,바위떡풀 (지이산바위떡풀),,Saxifraga fortunei Hooker..
191,바위채송화,,Sedum polytrichoides Hemsl.
192,박새,,Veratrum oxysepalum Trucz..
193,박주가리,,Metaplexis japonica (Thun..
194,박쥐나무 (누른대나무),,Alangium platanifolium (S..
195,박쥐나물 (민박쥐나물),,Cacalia hastata L. var. o..
196,방아풀,,Plectranthus japonicus (B..
197,방울새란 (방울새난초),,Pogonia minor (Makino) Ma..
198,배암나무,,Viburnum koreanum Nakai
199,"배초향 (중개풀), 방아잎)",,Agastache rugosa (Fischer..
200,백당나무 (청백당나무),,Viburnum opulus L. var. c..
201,백리향 (섬백리향),,Thymus quinqecostatus Cel..
202,"백미꽃 (백미), 아마존)",,Cynanchum atratum Bunge
203,백양꽃 (가재무릇),,Lycoris koreana Nakai
204,백작약,,Paeonia japonica (Makino)..
205,뱀무,,Geum japonicum Thunb.
206,벌깨덩굴,,Meehania urticifolia (Miq..
208,범꼬리 (만주범의꼬리),,Bistorta manshuriensis (V..
209,병꽃나무,,Weigela subsessilis L. H...
210,병아리난초 (바위난초),,Amitostigma gracile (Blum..
211,"병조희풀 (조희풀), 선목단풀, 자주목단풀)",,Clematis heracleifolia DC..
212,병풍쌈 (큰병풍),,Cacalia firma Komar. = Mi..
213,보리수나무 (보리화주나무),,Elaeagnus umbellata Thunb..
214,"복분자딸기 (곰달), 곰의딸)",,Rubus coreanus Miquel
215,복수초 (가지복수초),,Adonis amurensis Regel et..
216,부게꽃나무 (부갸근나무),,Acer ukurunduense Trautv...
218,분홍바늘꽃 (큰바늘꽃),,Epilobium angustifolium L..
219,붉은병꽃나무 (팟꽃나무),,Weigela florida (Bunge) A..
220,붉은참반디,,Sanicula rubriflora Fr. S..
221,붓꽃,,Iris sanguinea Hernemann ..
222,비로용담 (비로봉용담),,Gentiana jamesii Hemsley
223,비목나무 (보얀목),,Lindera erythrocarpa Maki..
224,비비추,,Hosta longipes (Fr. et Sa..
225,사스래나무 (왕사스레나무),,Betula ermanii Chamisso =..
226,사위질빵,,Clematis apiifolia DC.
227,사철란 (알록난초),,Goodyera schlechtendalian..
228,산가막살나무,,Viburnum wrightii Miquel
229,산개벗지나무,,Prunus maximowiczii Rupr.
230,산거울 (가는잎그늘사초),,Carex humilis Leyss. Var...
231,산골무꽃 (그늘골무꽃),,Scutellaria pekinense Max..
232,산괴불주머니,,Corydalis speciosa Maxim...
233,"산구절초 (구절초), 한라구절초)",,Chrysanthemum zawadskii H..
234,산국 (개국화),,Chrysanthemum boreale (Ma..
235,"산꿩의다리 (큰산꿩의다리), 큰잎산꿩의다리, 작은산꿩의다리)",,Thalictrum filamentosum M..
236,"산딸나무 (소리딸나무), 미영꽃나무)",,Cornus kousa Buerger = De..
237,"산마늘 (멩이풀), 망부추)",,Allium victorialis L. var..
238,산매자나무 (물간두),,Vaccinium japonicum Mique..
239,산민들레,,Taraxacum ohwianum Kitamura
240,"산부추 (왕정구지), 맹산부추)",,Allium thunbergii G. Don ..
241,산비장이 (산비쟁이),,Serratula coronata L. ssp..
242,산솜방망이 (두메솜방망이),,Senecio flammeus (Turcz.)..
243,산수국 (털산수국),,Hydrangea macrophylla (Th..
244,"산수유 (산수유나무), 산시유나무)",,"Cornus officinalis Sieb.,.."
245,산앵도나무 (물앵도나무),,Vaccinium hirtum Thunb. V..
246,산오이풀,,Sanguisorba hakusanensis ..
247,산작약 (민산작약),,Paeonia obovata Maxim. = ..
248,산철쭉,,Rhododendron yedoense Max..
249,"산초나무 (분지나무), 상초)",,Zanthoxylum schinifolium ..
250,산해박,,Cynanchum paniculatum (Bu..
251,삽주,,Atractylis japonica (Koid..
252,"삿갓나물 (삿갓풀), 자주삿갓풀)",,Paris verticillata M. v. ..
253,상산,,Orixa japonica Thunb.
254,새삼,,Cuscuta japonica Choisy
255,"생강나무 (아귀나무), 동백나무)",,Lindera obtusiloba Blume ..
256,생열귀나무 (붉은인가목),,Rosa davurica Pallas = Ro..
257,서양민들레 (양민들레),,Taraxacum officinale Weber
258,서어나무,,Carpinus laxiflora (Sieb...
259,석잠풀 (뱀배추),,Stachys japonica Miquel =..
260,선괭이눈,,Chrysosplenium sinicum Ma..
261,선밀나물,,Smilax nipponica Miquel v..
262,선이질풀,,Geranium krameri Fr. et S..
263,섬잔대 (개딱주),,Adenophora tashiroi Makin..
264,세잎양지꽃,,Potentilla freyniana Bornm.
266,속단,,Phlomis umbrosa Turcz.
267,손바닥난초 (뿌리난초),,Gymnadenia conopsea (L.) ..
268,솔나리 (솔잎나리),,Lilium cernuum Komar.
269,솔체꽃,,Scabiosa tschiliensis Gr?..
270,솜나물 (까치취),,Leibnitzia anandria (L.) ..
271,솜다리,,Leontopodium coreanum Nakai
272,"송이풀 (마주송이풀), 수송이풀, ? 천송이풀)",,Pedicularis resupinata L...
273,송장풀 (개속단),,Leonurus macranthus Maxim..
274,쇠서나물 (모련채),,Picris davurica Fischer v..
275,수까치깨 (참까치깨),,Corchoropsis tomentosa (T..
276,수리취 (개취),,Synulus deltoides (Aiton)..
277,수원잔대 (꽃잔대),,Adenophora polyantha Nakai
278,숙은돌창포 (숙은꽃장포),,Tofieldia coccinea Richar..
279,술패랭이꽃,,Dianthus superbus L. var...
280,"숫잔대 (진들도라지), 잔대아재비)",,Lobelia sessilifolia Lamb..
282,승마 (끼멸가리),,Cimicifuga heracleifolia ..
283,시로미,Crowberry,Empetrum nigrum L. var. j..
284,시호,,Bupleurum falcatum L. = B..
285,"쌍동이바람꽃 (쌍동바람꽃), 쌍둥이바람꽃)",,Anemone rossii S. Moore
286,쌍잎난초 (두잎난초),,Listera pinetorum Lindly ..
287,씨범꼬리,,Bistorta vivipara (L.) S...
288,아구장나무,,Spiraea pubescens Turcz.
289,앉은부채,,Symplocarpus renifolius S..
290,"알록제비꽃 (청자오랑캐, 청알록제비꽃, 알록오랑캐, 얼룩오랑캐)",,Viola variegata Fischer
291,애기괭이눈 (덩굴괭이눈),,Chrysosplenium flagellife..
292,애기괭이밥 (산괭이밥),,Oxalis acetosella L.
293,애기나리,,Disporum smilacinum A. Gray
294,애기등 (등),,Millettia japonica (Sieb...
295,"애기똥풀 (젖출), 까치다리, 씨앗똥)",,Chelidonium majus L. var...
296,애기앉은부채,,Symplocarpus nipponicus M..
297,"야광나무 (동배나무), 아가위나무)",,Malus baccata (L.) Borkh.
298,"양지꽃 (소시랑개비), 큰소시랑개비)",,Potentilla fragarioides L..
299,어수리,,Heracleum moellendorfii H..
300,얼레지 (가제무릇),,Erythronium japonicum Dec..
301,여로,,Veratrum maackii Regel va..
302,여우꼬리풀,,Aletris sikkimensis Hook...
303,"연령초 (큰연영초), 연영초, 흰삿갓나물, 흰삿갓풀)",,Trillium tschonoskii Maxim.
304,연복초,,Adoxa moschatellina L.
305,연잎꿩의다리 (돈잎꿩의다리),,Thalictrum coreanum Lev. ..
306,"염주황기 (단너삼), 도미황기)",,Astragalus membranaceus (..
307,"예덕나무 (꽤잎나무), 비닥나무, 예닥나무)",,Mallotus japonicus (Thunb.)
308,"오갈피 (오갈피나무), 참오갈피나무)",,Acanthopanax sessilifloru..
309,오랑캐장구채,,Silene repens Patrin
310,오리방풀,,Plectranthus excisus Maxi..
311,오미자 (개오마자),,Schizandra chinensis (Tur..
312,"오이풀 (수박풀), 외순나물)",,Sanguisorba officinalis L.
313,옥잠난초,,Liparis kumokiri F. Maekawa
314,올괴불나무,,Lonicera praeflorens Bata..
315,왕괴불나무 (지이산괴불나무),,Lonicera vidalii Fr. et S..
316,왕대 (참대),,Phyllostachys bambusoides..
317,왜솜다리 (솜다리),,Leontopodium japonicum Mi..
318,"왜우산풀 (왜우산나물) 누룩치, 누리대)",,Pleurospermum camtschatic..
320,용담 (초룡담),,Gentiana scabra Bunge
321,우산나물 (삿갓나물),,Syneilesis palmata (Thunb..
322,원추리,,Hemerocallis fulva (L.) L..
323,월귤 (땃들쭉),,Vaccinium vitis-idaea L. ..
324,"으름 (으름덩굴), 목통)",,Akebia quinata (Thunb.) D..
325,으아리,,Clematis mandshurica Rupr.
326,은대난초 (댓잎은난초),,Cephalanthera longibracte..
327,은방울꽃,,Convallaria keiskei Mique..
328,은분취 (참서덜취),,Saussurea gracilis Maxim...
330,이고들빼기 (고들빼기),,Youngia denticulata (Hout..
331,이삭여뀌,,Persicaria filiformis (Th..
332,"이스라지나무 (이스라지나무, 산앵도, 산앵도나무, 유수라지나무, 오얏, 물앵두, 산앵두나무)",,Prunus japonica Thunb.
333,이질풀 (개발초),,Geranium thunbergii Sieb...
334,익모초,,Leonurus japonicus Houttu..
335,자주꽃방망이,,Campanula glomerata L. va..
336,자주꿩의다리,,Thalictrum uchiyamai Nakai
337,자주솜대 (자주솜때),,Smilacina bicolor Nakai
338,자주쓴풀,,Swertia pseudo-chinensis ..
340,잔대 (층층잔대),,Adenophola triphylla (Thu..
341,잔털제비꽃,,Viola keiskei Miquel = Vi..
342,장구채,,Melandryum firmum (Sieb. ..
343,장대나물,,Arabis glabra (L.) Bernh...
345,점현호색,,Corydalis maculata B. Oh ..
346,정금나무,,Vaccinium oldhami Miquel
348,"제비란 (애기제비란), 제비난초, 두메제비난초)",,Platanthera mandarinorum ..
349,제주달구지풀 (달구지풀),,Trifolium lupinaster L.
350,제주조릿대 (산죽),,Sasa palmata (Bean) Nakai..
351,조록싸리,,Lespedeza maximowiczii Sc..
352,"조릿대 (산죽), 갓대, 기주조릿대)",,Sasa borealis (Hack.) Mak..
353,조팝나무,,Spiraea prunifolia Sieb. ..
354,"족도리 (족도리풀, 민족도리풀, 세신, 죽두리풀, 털족도리풀)",,Asarum sieboldii Miquel
355,족도리풀 (민족도리풀),,Asarum sieboldii Miquel =..
356,좀참꽃 (좀참꽃나무),,Rhododendron redowskianum..
357,좀참빗살나무,,Euonymus bungeanus Maxim.
358,"줄딸기 (덩굴딸기), 곰의딸)",,Rubus oldhami Miquel
359,"중의무릇 (조선중의무릇), 참중의무릇)",,Gagea lutea Ker-Gawler = ..
360,쥐꼬리망초,,Justicia procumbens L. = ..
361,쥐오줌풀 (은댕가리),,Valeriana fauriei Briquet
363,지리고들빼기,,Youngia koidzumiana Kitam..
364,"지리산오갈피 (지리산오갈피나무, 지리오갈피, 지리오갈피나무, 지이오갈피)",,Acanthopanax chiisanense ..
365,지리터리풀,,Filipendula palmata (Pall..
366,진달래 (진달래나무),,Rhododendron mucronulatum..
368,진황정 (대잎둥굴레),,Polygonatum falcatum A. G..
369,짚신나물 (큰골집신나물),,Agrimonia piosa Ledeb. = ..
370,짝자래나무,,Rhamnus yoshinoi Makino =..
371,"쪽동백 (개동백나무), 산아즈까리나무)",,Styrax obassia Sieb. et Z..
372,"찔레꽃 (찔레나무, 가시나무, 질누나무, 질꾸나무)",,Rosa multiflora Thunb. = ..
373,참개별꽃 (섬개별꽃),,Pseudostellaria coreana (..
374,참나리,,Lilium lancifolium Thunb...
375,참나물 (가는참나물),,Pimpinella brachycarpa (K..
376,참당귀,,Angelica gigas Nakai
377,참바위취,,Saxifraga oblongifolia Na..
378,참배암차즈기 (토단삼),,Salvia chanry?ca Nakai
379,참으아리 (왕으아리),,Clematis terniflora DC. =..
380,"참조팝나무 (좀조팝나무, 왕조팝나무)",,Spiraea fritschiana Schne..
381,"참취 (취), 나물취, 암취)",,Aster scaber Thunb.
382,참회나무 (회뚝이나무),,Euonymus xoyphyllus Mique..
384,천마 (수자해좃),,Gastrodia elata Blume
385,천선과나무 (꼭지천선과),,Ficus erecta Thunb. = Fic..
386,"철쭉 (철쭉나무, 함박꽃, 개꽃나무, 철쭉꽃, 참철쭉)",,Rhododendron schlippenbac..
387,초롱꽃,,Campanula punctata Lamarck
388,촛대승마,,Cimicifuga simplex Wormsk..
389,층꽃나무 (층꽃풀),,Caryopteris incana (Thunb..
390,"층층나무 (물깨금나무), 꺼그렁나무)",,Cornus controversa Hemsley
391,층층이꽃 (층층꽃),,Clinopodium chinense (Ben..
392,칡 (칙덤불),,Pueraria lobata (Willd.) ..
393,칼잎용담 (큰용담),,Gentiana triflora (Pall.)..
394,큰개별꽃 (민개별꽃),,Pseudostellaria palibinia..
395,큰개현삼 (큰현삼),,Scrophularia kakudensis Fr.
396,큰괭이밥,,Oxalis obtriangulata Maxim.
397,큰구슬붕이 (큰구슬봉이),,Gentiana zollingeri Fawcett
398,"큰까치수영 (큰까치수염), 민까치수염)",,Lysimachia chlethroides D..
399,큰꽃으아리,,Clematis patens Morren et..
400,큰산꼬리풀 (꼬리풀),,Veronica kiusiana Furumi ..
401,큰산장때 (산장대),,Arabis gemmifera (Matsum...
402,큰앵초,,Primula jesoana Miquel
403,타래난초,,Spiranthes sinensis (Pers..
404,타래붓꽃,,Iris lactea Pallas var. c..
405,태백제비꽃,,Viola albida Palibin = Vi..
406,탱자나무,,Poncirus trifoliata (L. )..
407,터리풀,,Filipendula palmata (Pall..
408,털댕강나무,,Abelia coreana Nakai
409,털쥐손이,,Geranium eriostemon Fischer
410,"털진달래 (털진달래나무), 털진달내, 진달래나무, 참꽃나무)",,Rhododendron mucronulatum..
411,털진득찰,,Siegesbeckia pubescens (M..
412,톱바위취,,Saxifraga punctata L.
413,"톱풀 (가새풀), 배암세)",,Achillea alpina L. = Achi..
414,"투구꽃 (지이바꽃, 진돌쩌귀풀, 그늘돌쩌기, 세잎돌쩌기, 싹눈바꽃, 개싹눈바꽃)",,Aconitum jaluense Komar. ..
415,파리풀,,Phryma leptostachya L. va..
416,패랭이꽃,,Dianthus chinensis L. = D..
417,풀산딸나무,,Cornus canadensis L. = Ch..
418,"풀솜대 (솜때), 지장보살, 왕솜때)",,Smilacina japonica A. Gra..
419,"피나무 (달피나무), 참피나무)",,Tilia amurensis Rupr. = T..
420,피나물 ,,Hylomechon vemale Maxim. ..
421,하늘나리,,Lilium concolor Salisb.
422,하늘말나리 (우산말나리),,Lilium tsingtauense Gilg ..
423,하늘매발톱 (산매발톱꽃),,Aquilegia flabellata Sieb..
424,한계령풀,,Leontice microrrhincha S...
425,한라개승마,,Aruncus dioicus (Walter) ..
426,한라돌창포 (한라꽃장포),,Tofieldia coccinea Richar..
427,할미꽃,,Pulsatilla Koreana (Yabe)..
429,함박꽃나무 (얼룩함박꽃나무),,Magnolia sieboldii K. Koc..
430,합다리나무 (합대나무),,Meliosma oldhamii Maxim
431,현호색,,Corydalis turtschanovii B..
432,호범꼬리,,Bistorta ochotensis (V. P..
433,호제비꽃,,Viola yedoensis Makino
435,홀아비꽃대,,Chloranthus japonicus Sie..
436,홀아비바람꽃,,Anemone koraiensis Nakai
437,홍괴불나무,,Lonicera Maximowiczii (Ru..
438,활량나물,,Lthyrus davidii Hance
439,회나무 (좀나래회나무),,Euonymus planipes (Koehne..
440,회리바람꽃,,Anemone reflexa Stephan e..
441,회목나무 (개회나무),,Euonymus pauciflorus Maxim.
442,회양목 (섬회양목),,Buxus microphylla Sieb. &..
444,흰괭이눈 (흰털괭이눈),,Chrysosplenium barbatum N..
445,흰땃딸기 (흰뱀딸기),,Fragaria nipponica Makino
446,흰민들레,,Taraxacum coreanum Nakai ..
447,흰인가목,,Rosa koreana Komar.
448,흰장구채,,Silene oligantella Nakai
449,흰제비란 (흰난초),,Platanthera hologlottis M..
450,흰진범 (흰진교),,Aconitum longecassidatum ..
451,흰참꽃 (흰참꽃나무),,Rhododendron tschonoskii ..
452,히어리 (송광납판화),,Corylopsis coreana Uyeki
452,"몬스테라 델리시오사"
452,"올리브"
452,"몬스테라 아단소"
452,"블루스타 고사리"
452,"몬스테라 알보 바리에가타"
452,"피쉬본 선인장"
452,"스투키"
452,"테이블 야자"
452,"칼라디움"
452,"은엽 아카시아"
452,"산세베리아 문샤인"
452,"보스턴 고사리"
452,"뱅갈 고무나무"
452,"스파티필름"
452,"로즈마리"
452,"아레카야자"
452,"유칼립투스 폴리안"
452,"마오리 소포라"
452,"스킨답서스"
452,"필로덴드론 버킨"
452,"스위트 바질"
452,"금전수"
452,"칼라데아 오르비폴리아"
452,"헤데라(아이비)"
452,"필로덴드론 콩고"
452,"멜라니 고무나무"
452,"아스파라거스 나누스"
452,"세네시오 칸디칸스(엔젤윙)"
452,"홍콩 야자"
452,"알로카시아 오도라
452,"유칼립투스 구니"
452,"목마가렛"
452,"알로카시아 프라이덱"
452,"호주매화(마누카)"
452,"수박 페페로미아"
452,"호야 카르노사(무늬 호야)"
452,"여인초"
452,"싱고니움"
452,"유카"
452,"켄차 야자"
452,"극락조화"
452,"율마(월마)"
452,원숭이꼬리 선인장"
452,필로덴드론 셀로움"
452,"필레아 페페로미오데스"
452,"해피트리"
452,"개운죽"
452,"애니시다"
452,"사계귤(유주나무)"
452,"코로키아"
452,"떡갈잎 고무나무"
452,"브레이니아 니보사(소코라코)"
452,"박쥐란"
452,"알로카시아 아마조니카"
452,"파키라"
452,"드라세나 드라코(용혈수)"
452,"오렌지 자스민"
452,"백묘국"
452,"동백나무"
452,"접란(클로로피텀)"
452,"산세베리아"
452,"용신목"
452,"드라세나 마지나타"
452,"라벤더"
452,립살리스 트리고나"
452,"다바나 고사리"
452,"인도 고무나무
452,"관음죽"
452,"아라우카리아"
452,"마란타 레우코네우라"
452,"페퍼민트"
452,"아비스"
452,"장미허브"
452,"알로에 베라"
452,"마삭줄"
452,"장미"
452,"티트리"
452,"아이비"
452,"석송"
452,"선인장"
452,"마리모"
452,"프리지아"
452,"카네이션"
452,"체리 세이지"
452,"녹탑"
452,"바질트리"
452,"아라비안 자스민"
452,"사랑초 읍투사"
452,"비화옥"
452,"보라 사랑초"